id,firstname,lastname,username,password,email,created_at,updated_at,deleted_at,version
1,Phumiphat,Tatiyawongsoonthorn,pmpharryx,$2b$10$Cp47Rn9jdZ1g4Tm12JhVpupkV0UXjG6dKKaOjUQDH90EkMp8bC0T6,phumiphat42@gmail.com,"2022-06-09 17:08:26.527471","2022-06-09 17:08:26.527471",NULL,1
3,Rosemarie,Fencott,rfencott0,$2b$10$VJcnS1jXd875H9tzGmhItOcFnbBkjjwo7QVSjnVxftZK6.bKri7uy,rfencott0@unc.edu,"2022-06-09 17:12:13.349803","2022-06-09 17:12:13.349803",NULL,1
4,Richy,Tourmell,rtourmell0,$2b$10$fjK5.IMGpZF8XncC7WghL.Ss4OuPNxKnyUkqCShj/gRFqp.A1JuWa,rtourmell0@earthlink.net,"2022-06-09 17:12:36.057118","2022-06-09 17:12:36.057118",NULL,1
5,Lydon,Escudier,lescudier1,$2b$10$CXPARIpUi6oYDoDKlSb/huFd7iePbEYj/hIbPFy573UAD.kDYo0bW,lescudier1@ucsd.edu,"2022-06-09 17:12:42.543460","2022-06-09 17:12:42.543460",NULL,1
6,Giorgio,Howey,ghowey2,$2b$10$sOhEPXdxVnjD7ApBBzdB4.jMygaMhcFvlrap6m0TjfAHRf7r2vAuC,ghowey2@cnn.com,"2022-06-09 17:12:49.453563","2022-06-09 17:12:49.453563",NULL,1
7,Chrysa,Somes,csomes3,$2b$10$1K0cGCfeqfm3ekcBomGOKOnI65JuvHSmi4K0KhN6DM8Zcdrx9l8u6,csomes3@mysql.com,"2022-06-09 17:12:55.581546","2022-06-09 17:12:55.581546",NULL,1
8,Mirella,Cuckoo,mcuckoo4,$2b$10$9ZfLNy373o/XSA9ffp1kx.DcPxiklHdr8agd9u9kb65ulFLOZ6Lfu,mcuckoo4@harvard.edu,"2022-06-09 17:13:02.621465","2022-06-09 17:13:02.621465",NULL,1
9,Freemon,Ellyatt,fellyatt5,$2b$10$bncYKHa8SWtNjbsYCfUxC.RvFSTt/E7IaLM.SWkrkWdTcnRYntgvG,fellyatt5@census.gov,"2022-06-09 17:13:11.795843","2022-06-09 17:13:11.795843",NULL,1
10,Marysa,Garling,mgarling6,$2b$10$DpFVAhApB5bzSOMqURuaUeEAwZ3KpmwsSbOC1GRgWX6WjMescK8/y,mgarling6@guardian.co.uk,"2022-06-09 17:13:18.308503","2022-06-09 17:13:18.308503",NULL,1
11,Conrade,Savidge,csavidge7,$2b$10$Fus5DznekKLOQ2Wzo.SCzuaxfFAoUY3iAmRATWQuK.JU4LwMKEa/a,csavidge7@telegraph.co.uk,"2022-06-09 17:13:23.142641","2022-06-09 17:13:23.142641",NULL,1
12,Darcie,Checcucci,dcheccucci8,$2b$10$Tnx0v0R0800p5S7Vja33Qu1rYvVbqMVQlC1yFUpRcztEtIJZLT8Wa,dcheccucci8@sitemeter.com,"2022-06-09 17:13:32.491304","2022-06-10 16:42:38.849986",NULL,2
13,Price,McLagain,pmclagain9,$2b$10$DajhxmxI.qA0qZwZ2AN1.uunBxgYBl8odOYa1ivwzYqI45ajEt3Ia,pmclagain9@taobao.com,"2022-06-09 17:13:38.604107","2022-06-09 17:13:38.604107",NULL,1
14,PhumiphatTest,Tatiyawongsoonthorn,pmpharryx123,$2b$10$snrHp/D6hKxHj.TOp12yuONrZWuAvlDV/o3IPZF/LnhwrTPlIy8d.,phumiphat.harry1@gmail.com,"2022-06-10 17:07:08.150164","2022-06-10 17:07:08.150164",NULL,1
